{"cameraMode":{"drawMode":0,"name":"Shaded","section":"Shading Mode"},"sceneLighting":false,"audioPlay":false,"sceneViewState":{"showFog":true,"showMaterialUpdate":true,"showSkybox":true,"showFlares":true,"showImageEffects":true,"showParticleSystems":true},"in2DMode":false,"pivot":{"x":114.088134765625,"y":277.4241638183594,"z":508.71875},"rotation":{"x":0.011964385397732258,"y":0.603045642375946,"z":-0.009046380408108235,"w":0.7975664138793945},"size":352.8951721191406,"orthographic":false}